-- phpMyAdmin SQL Dump
-- version 5.2.1
-- https://www.phpmyadmin.net/
--
-- Host: 127.0.0.1
-- Generation Time: May 18, 2025 at 09:14 AM
-- Server version: 10.4.32-MariaDB
-- PHP Version: 8.2.12

SET SQL_MODE = "NO_AUTO_VALUE_ON_ZERO";
START TRANSACTION;
SET time_zone = "+00:00";


/*!40101 SET @OLD_CHARACTER_SET_CLIENT=@@CHARACTER_SET_CLIENT */;
/*!40101 SET @OLD_CHARACTER_SET_RESULTS=@@CHARACTER_SET_RESULTS */;
/*!40101 SET @OLD_COLLATION_CONNECTION=@@COLLATION_CONNECTION */;
/*!40101 SET NAMES utf8mb4 */;

--
-- Database: `laravel11_ecom`
--

-- --------------------------------------------------------

--
-- Table structure for table `addresses`
--

CREATE TABLE `addresses` (
  `id` bigint(20) UNSIGNED NOT NULL,
  `user_id` bigint(20) UNSIGNED NOT NULL,
  `name` varchar(255) NOT NULL,
  `phone` varchar(255) NOT NULL,
  `locality` varchar(255) NOT NULL,
  `address` text NOT NULL,
  `city` varchar(255) NOT NULL,
  `state` varchar(255) NOT NULL,
  `country` varchar(255) NOT NULL,
  `landmark` varchar(255) DEFAULT NULL,
  `zip` varchar(255) NOT NULL,
  `type` varchar(255) NOT NULL DEFAULT 'home',
  `isdefault` tinyint(1) NOT NULL DEFAULT 0,
  `created_at` timestamp NULL DEFAULT NULL,
  `updated_at` timestamp NULL DEFAULT NULL
) ENGINE=InnoDB DEFAULT CHARSET=utf8mb4 COLLATE=utf8mb4_unicode_ci;

-- --------------------------------------------------------

--
-- Table structure for table `brands`
--

CREATE TABLE `brands` (
  `id` bigint(20) UNSIGNED NOT NULL,
  `name` varchar(255) NOT NULL,
  `slug` varchar(255) NOT NULL,
  `image` varchar(255) DEFAULT NULL,
  `created_at` timestamp NULL DEFAULT NULL,
  `updated_at` timestamp NULL DEFAULT NULL
) ENGINE=InnoDB DEFAULT CHARSET=utf8mb4 COLLATE=utf8mb4_unicode_ci;

--
-- Dumping data for table `brands`
--

INSERT INTO `brands` (`id`, `name`, `slug`, `image`, `created_at`, `updated_at`) VALUES
(1, 'Bareform', 'bareform', '1747543676.jpg', '2025-05-17 23:02:56', '2025-05-17 23:02:56'),
(2, 'Mono Loom', 'mono-loom', '1747543713.png', '2025-05-17 23:03:33', '2025-05-17 23:03:33');

-- --------------------------------------------------------

--
-- Table structure for table `cache`
--

CREATE TABLE `cache` (
  `key` varchar(255) NOT NULL,
  `value` mediumtext NOT NULL,
  `expiration` int(11) NOT NULL
) ENGINE=InnoDB DEFAULT CHARSET=utf8mb4 COLLATE=utf8mb4_unicode_ci;

--
-- Dumping data for table `cache`
--

INSERT INTO `cache` (`key`, `value`, `expiration`) VALUES
('admin@gmail.com|127.0.0.1', 'i:1;', 1747542338),
('admin@gmail.com|127.0.0.1:timer', 'i:1747542338;', 1747542338),
('chandan@gmail.com|127.0.0.1:timer', 'i:1747542364;', 1747542364);

-- --------------------------------------------------------

--
-- Table structure for table `cache_locks`
--

CREATE TABLE `cache_locks` (
  `key` varchar(255) NOT NULL,
  `owner` varchar(255) NOT NULL,
  `expiration` int(11) NOT NULL
) ENGINE=InnoDB DEFAULT CHARSET=utf8mb4 COLLATE=utf8mb4_unicode_ci;

-- --------------------------------------------------------

--
-- Table structure for table `categories`
--

CREATE TABLE `categories` (
  `id` bigint(20) UNSIGNED NOT NULL,
  `name` varchar(255) NOT NULL,
  `slug` varchar(255) NOT NULL,
  `image` varchar(255) DEFAULT NULL,
  `parent_id` varchar(255) DEFAULT NULL,
  `created_at` timestamp NULL DEFAULT NULL,
  `updated_at` timestamp NULL DEFAULT NULL
) ENGINE=InnoDB DEFAULT CHARSET=utf8mb4 COLLATE=utf8mb4_unicode_ci;

--
-- Dumping data for table `categories`
--

INSERT INTO `categories` (`id`, `name`, `slug`, `image`, `parent_id`, `created_at`, `updated_at`) VALUES
(1, 'T-shirt', 't-shirt', '1747543310.jpg', NULL, '2025-05-17 22:56:50', '2025-05-17 22:56:50'),
(2, 'Skirt', 'skirt', '1747543409.jpg', NULL, '2025-05-17 22:58:29', '2025-05-17 22:58:29'),
(3, 'Jeans', 'jeans', '1747543482.jpg', NULL, '2025-05-17 22:59:43', '2025-05-17 22:59:43');

-- --------------------------------------------------------

--
-- Table structure for table `contacts`
--

CREATE TABLE `contacts` (
  `id` bigint(20) UNSIGNED NOT NULL,
  `name` varchar(255) NOT NULL,
  `email` varchar(255) NOT NULL,
  `phone` varchar(255) NOT NULL,
  `comment` text NOT NULL,
  `created_at` timestamp NULL DEFAULT NULL,
  `updated_at` timestamp NULL DEFAULT NULL
) ENGINE=InnoDB DEFAULT CHARSET=utf8mb4 COLLATE=utf8mb4_unicode_ci;

-- --------------------------------------------------------

--
-- Table structure for table `coupons`
--

CREATE TABLE `coupons` (
  `id` bigint(20) UNSIGNED NOT NULL,
  `code` varchar(255) NOT NULL,
  `type` enum('fixed','percent') NOT NULL,
  `value` decimal(8,2) NOT NULL,
  `cart_value` decimal(8,2) NOT NULL,
  `expiry_date` date NOT NULL DEFAULT cast(current_timestamp() as date),
  `created_at` timestamp NULL DEFAULT NULL,
  `updated_at` timestamp NULL DEFAULT NULL
) ENGINE=InnoDB DEFAULT CHARSET=utf8mb4 COLLATE=utf8mb4_unicode_ci;

-- --------------------------------------------------------

--
-- Table structure for table `failed_jobs`
--

CREATE TABLE `failed_jobs` (
  `id` bigint(20) UNSIGNED NOT NULL,
  `uuid` varchar(255) NOT NULL,
  `connection` text NOT NULL,
  `queue` text NOT NULL,
  `payload` longtext NOT NULL,
  `exception` longtext NOT NULL,
  `failed_at` timestamp NOT NULL DEFAULT current_timestamp()
) ENGINE=InnoDB DEFAULT CHARSET=utf8mb4 COLLATE=utf8mb4_unicode_ci;

-- --------------------------------------------------------

--
-- Table structure for table `jobs`
--

CREATE TABLE `jobs` (
  `id` bigint(20) UNSIGNED NOT NULL,
  `queue` varchar(255) NOT NULL,
  `payload` longtext NOT NULL,
  `attempts` tinyint(3) UNSIGNED NOT NULL,
  `reserved_at` int(10) UNSIGNED DEFAULT NULL,
  `available_at` int(10) UNSIGNED NOT NULL,
  `created_at` int(10) UNSIGNED NOT NULL
) ENGINE=InnoDB DEFAULT CHARSET=utf8mb4 COLLATE=utf8mb4_unicode_ci;

-- --------------------------------------------------------

--
-- Table structure for table `job_batches`
--

CREATE TABLE `job_batches` (
  `id` varchar(255) NOT NULL,
  `name` varchar(255) NOT NULL,
  `total_jobs` int(11) NOT NULL,
  `pending_jobs` int(11) NOT NULL,
  `failed_jobs` int(11) NOT NULL,
  `failed_job_ids` longtext NOT NULL,
  `options` mediumtext DEFAULT NULL,
  `cancelled_at` int(11) DEFAULT NULL,
  `created_at` int(11) NOT NULL,
  `finished_at` int(11) DEFAULT NULL
) ENGINE=InnoDB DEFAULT CHARSET=utf8mb4 COLLATE=utf8mb4_unicode_ci;

-- --------------------------------------------------------

--
-- Table structure for table `migrations`
--

CREATE TABLE `migrations` (
  `id` int(10) UNSIGNED NOT NULL,
  `migration` varchar(255) NOT NULL,
  `batch` int(11) NOT NULL
) ENGINE=InnoDB DEFAULT CHARSET=utf8mb4 COLLATE=utf8mb4_unicode_ci;

--
-- Dumping data for table `migrations`
--

INSERT INTO `migrations` (`id`, `migration`, `batch`) VALUES
(1, '0001_01_01_000000_create_users_table', 1),
(2, '0001_01_01_000001_create_cache_table', 1),
(3, '0001_01_01_000002_create_jobs_table', 1),
(4, '2024_12_23_074552_create_brands_table', 1),
(5, '2024_12_25_074644_create_categories_table', 1),
(6, '2025_01_03_044814_create_products_table', 1),
(7, '2025_01_27_121220_create_coupons_table', 1),
(8, '2025_01_29_020129_create_orders_table', 1),
(9, '2025_01_29_020220_create_order_items_table', 1),
(10, '2025_01_29_020235_create_addresses_table', 1),
(11, '2025_01_29_020256_create_transactions_table', 1),
(12, '2025_01_31_062541_create_slides_table', 1),
(13, '2025_01_31_091111_create_month_names_table', 1),
(14, '2025_02_01_020548_create_contacts_table', 1);

-- --------------------------------------------------------

--
-- Table structure for table `month_names`
--

CREATE TABLE `month_names` (
  `id` bigint(20) UNSIGNED NOT NULL,
  `name` varchar(255) NOT NULL
) ENGINE=InnoDB DEFAULT CHARSET=utf8mb4 COLLATE=utf8mb4_unicode_ci;

-- --------------------------------------------------------

--
-- Table structure for table `orders`
--

CREATE TABLE `orders` (
  `id` bigint(20) UNSIGNED NOT NULL,
  `user_id` bigint(20) UNSIGNED NOT NULL,
  `subtotal` decimal(8,2) NOT NULL,
  `discount` decimal(8,2) NOT NULL DEFAULT 0.00,
  `tax` decimal(8,2) NOT NULL,
  `total` decimal(8,2) NOT NULL,
  `name` varchar(255) NOT NULL,
  `phone` varchar(255) NOT NULL,
  `locality` varchar(255) NOT NULL,
  `address` text NOT NULL,
  `city` varchar(255) NOT NULL,
  `state` varchar(255) NOT NULL,
  `country` varchar(255) NOT NULL,
  `landmark` varchar(255) DEFAULT NULL,
  `zip` varchar(255) NOT NULL,
  `type` varchar(255) NOT NULL DEFAULT 'home',
  `status` enum('ordered','delivered','canceled') NOT NULL DEFAULT 'ordered',
  `is_shipping_different` tinyint(1) NOT NULL DEFAULT 0,
  `delivered_date` date DEFAULT NULL,
  `canceled_date` date DEFAULT NULL,
  `created_at` timestamp NULL DEFAULT NULL,
  `updated_at` timestamp NULL DEFAULT NULL
) ENGINE=InnoDB DEFAULT CHARSET=utf8mb4 COLLATE=utf8mb4_unicode_ci;

-- --------------------------------------------------------

--
-- Table structure for table `order_items`
--

CREATE TABLE `order_items` (
  `id` bigint(20) UNSIGNED NOT NULL,
  `product_id` bigint(20) UNSIGNED NOT NULL,
  `order_id` bigint(20) UNSIGNED NOT NULL,
  `price` decimal(8,2) NOT NULL,
  `quantity` int(11) NOT NULL,
  `options` longtext DEFAULT NULL,
  `rstatus` tinyint(1) NOT NULL DEFAULT 0,
  `created_at` timestamp NULL DEFAULT NULL,
  `updated_at` timestamp NULL DEFAULT NULL
) ENGINE=InnoDB DEFAULT CHARSET=utf8mb4 COLLATE=utf8mb4_unicode_ci;

-- --------------------------------------------------------

--
-- Table structure for table `password_reset_tokens`
--

CREATE TABLE `password_reset_tokens` (
  `email` varchar(255) NOT NULL,
  `token` varchar(255) NOT NULL,
  `created_at` timestamp NULL DEFAULT NULL
) ENGINE=InnoDB DEFAULT CHARSET=utf8mb4 COLLATE=utf8mb4_unicode_ci;

-- --------------------------------------------------------

--
-- Table structure for table `products`
--

CREATE TABLE `products` (
  `id` bigint(20) UNSIGNED NOT NULL,
  `name` varchar(255) NOT NULL,
  `slug` varchar(255) NOT NULL,
  `short_description` varchar(255) DEFAULT NULL,
  `description` text NOT NULL,
  `regular_price` decimal(8,2) NOT NULL,
  `sale_price` decimal(8,2) DEFAULT NULL,
  `SKU` varchar(255) NOT NULL,
  `stock_status` enum('instock','outofstock') NOT NULL,
  `featured` tinyint(1) NOT NULL DEFAULT 0,
  `quantity` int(10) UNSIGNED NOT NULL DEFAULT 10,
  `image` varchar(255) DEFAULT NULL,
  `images` text DEFAULT NULL,
  `category_id` bigint(20) UNSIGNED DEFAULT NULL,
  `brand_id` bigint(20) UNSIGNED DEFAULT NULL,
  `created_at` timestamp NULL DEFAULT NULL,
  `updated_at` timestamp NULL DEFAULT NULL
) ENGINE=InnoDB DEFAULT CHARSET=utf8mb4 COLLATE=utf8mb4_unicode_ci;

--
-- Dumping data for table `products`
--

INSERT INTO `products` (`id`, `name`, `slug`, `short_description`, `description`, `regular_price`, `sale_price`, `SKU`, `stock_status`, `featured`, `quantity`, `image`, `images`, `category_id`, `brand_id`, `created_at`, `updated_at`) VALUES
(1, 'UrbanFlex Slim Denim', 'urbanflex-slim-denim', 'Stretch slim-fit jeans designed for urban comfort.', 'UrbanFlex Slim Denim offers modern city-style comfort with a flattering fit. Crafted with a cotton-elastane blend for all-day movement and style.', 70.00, 59.00, 'ML-JE-001', 'instock', 1, 25, '1747551063.jpg', '1747551063-1.jpg,1747551063-2.jpeg,1747551063-3.jpeg,1747551063-4.jpeg', 3, 2, '2025-05-18 01:06:03', '2025-05-18 01:06:03'),
(2, 'RawEdge Classic Jean', 'rawedge-classic-jean', 'A timeless raw denim with a modern twist.', 'Featuring raw denim fabric with minimal fading, RawEdge Classic is perfect for clean styling. Designed with a classic straight leg and durable stitching.', 80.00, 68.00, 'BF-JE-002', 'instock', 0, 12, '1747551188.jpg', '1747551188-1.jpeg,1747551188-2.jpeg,1747551188-3.jpeg', 3, 1, '2025-05-18 01:08:08', '2025-05-18 01:08:08'),
(3, 'DriftCut Relaxed Fit', 'driftcut-relaxed-fit', 'Relaxed denim with a tapered finish.', 'DriftCut jeans bring a relaxed silhouette with premium stretch cotton, tapered at the ankle for a tailored streetwear look.', 75.00, 70.00, 'ML-JE-003', 'instock', 0, 20, '1747551319.jpg', '1747551319-1.jpeg,1747551319-2.jpeg,1747551319-3.jpeg', 1, 2, '2025-05-18 01:10:19', '2025-05-18 01:21:33'),
(4, 'Flowline Midi Skirt', 'flowline-midi-skirt', 'Minimal midi skirt with fluid lines.', 'The Flowline Midi features soft, breathable fabric with a structured waistband. Perfect for everyday elegance and ease.', 65.00, 60.00, 'BF-SK-001', 'instock', 1, 20, '1747551440.jpg', '1747551440-1.jpeg,1747551440-2.jpg,1747551440-3.jpeg', 2, 1, '2025-05-18 01:12:20', '2025-05-18 01:12:20'),
(5, 'NoirWrap Satin Skirt', 'noirwrap-satin-skirt', 'Satin wrap skirt with high-low hem.', 'Elevate your evenings with NoirWrap, a silky wrap skirt with a dramatic high-low hem and hidden side tie. Flattering and bold.', 85.00, 80.00, 'SKU: ML-SK-002', 'instock', 1, 10, '1747551659.jpg', '1747551659-1.jpeg,1747551659-2.jpeg', 1, 2, '2025-05-18 01:15:59', '2025-05-18 01:20:54'),
(6, 'CoreTee Essential', 'coretee-essential', 'Everyday cotton tee with a refined cut.', 'CoreTee Essential delivers comfort and simplicity with high-quality organic cotton, a slightly boxy cut, and reinforced stitching.', 60.00, 55.00, 'ML-TS-001', 'instock', 0, 22, '1747551767.jpg', '1747551767-1.jpeg,1747551767-2.jpg,1747551767-3.jpg', 1, 2, '2025-05-18 01:17:48', '2025-05-18 01:19:54'),
(7, 'Minimal Ink Tee', 'minimal-ink-tee', 'Soft tee with a minimalist line art print.', 'A smooth, breathable tee with a subtle abstract design. Minimal Ink Tee brings calm, effortless cool to your rotation.', 60.00, 55.00, 'BF-TS-002', 'instock', 1, 25, '1747551883.jpg', '1747551883-1.jpg,1747551883-2.jpg,1747551883-3.jpg', 1, 1, '2025-05-18 01:19:44', '2025-05-18 01:19:44');

-- --------------------------------------------------------

--
-- Table structure for table `sessions`
--

CREATE TABLE `sessions` (
  `id` varchar(255) NOT NULL,
  `user_id` bigint(20) UNSIGNED DEFAULT NULL,
  `ip_address` varchar(45) DEFAULT NULL,
  `user_agent` text DEFAULT NULL,
  `payload` longtext NOT NULL,
  `last_activity` int(11) NOT NULL
) ENGINE=InnoDB DEFAULT CHARSET=utf8mb4 COLLATE=utf8mb4_unicode_ci;

--
-- Dumping data for table `sessions`
--

INSERT INTO `sessions` (`id`, `user_id`, `ip_address`, `user_agent`, `payload`, `last_activity`) VALUES
('S5TVTb7876gGxjLLon52cMH4bPA0JdBfSqFbv9L0', 2, '127.0.0.1', 'Mozilla/5.0 (Windows NT 10.0; Win64; x64) AppleWebKit/537.36 (KHTML, like Gecko) Chrome/136.0.0.0 Safari/537.36', 'YTo0OntzOjY6Il90b2tlbiI7czo0MDoiV24xck1wcER5ampWa2VPenJDVUhqYXM1cjlnU3FJdGRGR3dJczhTaCI7czo5OiJfcHJldmlvdXMiO2E6MTp7czozOiJ1cmwiO3M6MjE6Imh0dHA6Ly8xMjcuMC4wLjE6ODAwMCI7fXM6NjoiX2ZsYXNoIjthOjI6e3M6Mzoib2xkIjthOjA6e31zOjM6Im5ldyI7YTowOnt9fXM6NTA6ImxvZ2luX3dlYl81OWJhMzZhZGRjMmIyZjk0MDE1ODBmMDE0YzdmNThlYTRlMzA5ODlkIjtpOjI7fQ==', 1747552443);

-- --------------------------------------------------------

--
-- Table structure for table `slides`
--

CREATE TABLE `slides` (
  `id` bigint(20) UNSIGNED NOT NULL,
  `tagline` varchar(255) NOT NULL,
  `title` varchar(255) NOT NULL,
  `subtitle` varchar(255) NOT NULL,
  `link` varchar(255) NOT NULL,
  `image` varchar(255) NOT NULL,
  `status` tinyint(1) NOT NULL,
  `created_at` timestamp NULL DEFAULT NULL,
  `updated_at` timestamp NULL DEFAULT NULL
) ENGINE=InnoDB DEFAULT CHARSET=utf8mb4 COLLATE=utf8mb4_unicode_ci;

--
-- Dumping data for table `slides`
--

INSERT INTO `slides` (`id`, `tagline`, `title`, `subtitle`, `link`, `image`, `status`, `created_at`, `updated_at`) VALUES
(1, 'Smile Fashion', 'Fashion', 'Trending summer fashion', 'http://127.0.0.1:8000/shop', '1747552092.png', 1, '2025-05-17 22:50:27', '2025-05-18 01:23:12'),
(2, 'Fashion', 'Good Looking', 'Good looking fashion', 'http://127.0.0.1:8000/shop', '1747543138.png', 1, '2025-05-17 22:53:58', '2025-05-17 22:54:29');

-- --------------------------------------------------------

--
-- Table structure for table `transactions`
--

CREATE TABLE `transactions` (
  `id` bigint(20) UNSIGNED NOT NULL,
  `user_id` bigint(20) UNSIGNED NOT NULL,
  `order_id` bigint(20) UNSIGNED NOT NULL,
  `mode` enum('cod','card','paypal') NOT NULL,
  `status` enum('pending','approved','declined','refunded') NOT NULL DEFAULT 'pending',
  `created_at` timestamp NULL DEFAULT NULL,
  `updated_at` timestamp NULL DEFAULT NULL
) ENGINE=InnoDB DEFAULT CHARSET=utf8mb4 COLLATE=utf8mb4_unicode_ci;

-- --------------------------------------------------------

--
-- Table structure for table `users`
--

CREATE TABLE `users` (
  `id` bigint(20) UNSIGNED NOT NULL,
  `name` varchar(255) NOT NULL,
  `email` varchar(255) NOT NULL,
  `mobile` varchar(255) NOT NULL,
  `email_verified_at` timestamp NULL DEFAULT NULL,
  `password` varchar(255) NOT NULL,
  `utype` varchar(255) NOT NULL DEFAULT 'USR' COMMENT 'ADM for Admin and URS for Users or Customers',
  `remember_token` varchar(100) DEFAULT NULL,
  `created_at` timestamp NULL DEFAULT NULL,
  `updated_at` timestamp NULL DEFAULT NULL
) ENGINE=InnoDB DEFAULT CHARSET=utf8mb4 COLLATE=utf8mb4_unicode_ci;

--
-- Dumping data for table `users`
--

INSERT INTO `users` (`id`, `name`, `email`, `mobile`, `email_verified_at`, `password`, `utype`, `remember_token`, `created_at`, `updated_at`) VALUES
(2, 'chandan kushwahah', 'chandan@gmail.com', '9823196848', NULL, '$2y$12$qurs6UDr2gy5SyTn609Ik.OO.b/fNoDS.Zqa2/eKgggKYgFutSlDS', 'ADM', NULL, '2025-05-17 22:45:46', '2025-05-17 22:45:46');

--
-- Indexes for dumped tables
--

--
-- Indexes for table `addresses`
--
ALTER TABLE `addresses`
  ADD PRIMARY KEY (`id`),
  ADD KEY `addresses_user_id_foreign` (`user_id`);

--
-- Indexes for table `brands`
--
ALTER TABLE `brands`
  ADD PRIMARY KEY (`id`),
  ADD UNIQUE KEY `brands_slug_unique` (`slug`);

--
-- Indexes for table `cache`
--
ALTER TABLE `cache`
  ADD PRIMARY KEY (`key`);

--
-- Indexes for table `cache_locks`
--
ALTER TABLE `cache_locks`
  ADD PRIMARY KEY (`key`);

--
-- Indexes for table `categories`
--
ALTER TABLE `categories`
  ADD PRIMARY KEY (`id`),
  ADD UNIQUE KEY `categories_slug_unique` (`slug`);

--
-- Indexes for table `contacts`
--
ALTER TABLE `contacts`
  ADD PRIMARY KEY (`id`);

--
-- Indexes for table `coupons`
--
ALTER TABLE `coupons`
  ADD PRIMARY KEY (`id`),
  ADD UNIQUE KEY `coupons_code_unique` (`code`);

--
-- Indexes for table `failed_jobs`
--
ALTER TABLE `failed_jobs`
  ADD PRIMARY KEY (`id`),
  ADD UNIQUE KEY `failed_jobs_uuid_unique` (`uuid`);

--
-- Indexes for table `jobs`
--
ALTER TABLE `jobs`
  ADD PRIMARY KEY (`id`),
  ADD KEY `jobs_queue_index` (`queue`);

--
-- Indexes for table `job_batches`
--
ALTER TABLE `job_batches`
  ADD PRIMARY KEY (`id`);

--
-- Indexes for table `migrations`
--
ALTER TABLE `migrations`
  ADD PRIMARY KEY (`id`);

--
-- Indexes for table `month_names`
--
ALTER TABLE `month_names`
  ADD PRIMARY KEY (`id`);

--
-- Indexes for table `orders`
--
ALTER TABLE `orders`
  ADD PRIMARY KEY (`id`),
  ADD KEY `orders_user_id_foreign` (`user_id`);

--
-- Indexes for table `order_items`
--
ALTER TABLE `order_items`
  ADD PRIMARY KEY (`id`),
  ADD KEY `order_items_product_id_foreign` (`product_id`),
  ADD KEY `order_items_order_id_foreign` (`order_id`);

--
-- Indexes for table `password_reset_tokens`
--
ALTER TABLE `password_reset_tokens`
  ADD PRIMARY KEY (`email`);

--
-- Indexes for table `products`
--
ALTER TABLE `products`
  ADD PRIMARY KEY (`id`),
  ADD UNIQUE KEY `products_slug_unique` (`slug`),
  ADD KEY `products_category_id_foreign` (`category_id`),
  ADD KEY `products_brand_id_foreign` (`brand_id`);

--
-- Indexes for table `sessions`
--
ALTER TABLE `sessions`
  ADD PRIMARY KEY (`id`),
  ADD KEY `sessions_user_id_index` (`user_id`),
  ADD KEY `sessions_last_activity_index` (`last_activity`);

--
-- Indexes for table `slides`
--
ALTER TABLE `slides`
  ADD PRIMARY KEY (`id`);

--
-- Indexes for table `transactions`
--
ALTER TABLE `transactions`
  ADD PRIMARY KEY (`id`),
  ADD KEY `transactions_user_id_foreign` (`user_id`),
  ADD KEY `transactions_order_id_foreign` (`order_id`);

--
-- Indexes for table `users`
--
ALTER TABLE `users`
  ADD PRIMARY KEY (`id`),
  ADD UNIQUE KEY `users_email_unique` (`email`),
  ADD UNIQUE KEY `users_mobile_unique` (`mobile`);

--
-- AUTO_INCREMENT for dumped tables
--

--
-- AUTO_INCREMENT for table `addresses`
--
ALTER TABLE `addresses`
  MODIFY `id` bigint(20) UNSIGNED NOT NULL AUTO_INCREMENT;

--
-- AUTO_INCREMENT for table `brands`
--
ALTER TABLE `brands`
  MODIFY `id` bigint(20) UNSIGNED NOT NULL AUTO_INCREMENT, AUTO_INCREMENT=3;

--
-- AUTO_INCREMENT for table `categories`
--
ALTER TABLE `categories`
  MODIFY `id` bigint(20) UNSIGNED NOT NULL AUTO_INCREMENT, AUTO_INCREMENT=4;

--
-- AUTO_INCREMENT for table `contacts`
--
ALTER TABLE `contacts`
  MODIFY `id` bigint(20) UNSIGNED NOT NULL AUTO_INCREMENT;

--
-- AUTO_INCREMENT for table `coupons`
--
ALTER TABLE `coupons`
  MODIFY `id` bigint(20) UNSIGNED NOT NULL AUTO_INCREMENT;

--
-- AUTO_INCREMENT for table `failed_jobs`
--
ALTER TABLE `failed_jobs`
  MODIFY `id` bigint(20) UNSIGNED NOT NULL AUTO_INCREMENT;

--
-- AUTO_INCREMENT for table `jobs`
--
ALTER TABLE `jobs`
  MODIFY `id` bigint(20) UNSIGNED NOT NULL AUTO_INCREMENT;

--
-- AUTO_INCREMENT for table `migrations`
--
ALTER TABLE `migrations`
  MODIFY `id` int(10) UNSIGNED NOT NULL AUTO_INCREMENT, AUTO_INCREMENT=15;

--
-- AUTO_INCREMENT for table `month_names`
--
ALTER TABLE `month_names`
  MODIFY `id` bigint(20) UNSIGNED NOT NULL AUTO_INCREMENT;

--
-- AUTO_INCREMENT for table `orders`
--
ALTER TABLE `orders`
  MODIFY `id` bigint(20) UNSIGNED NOT NULL AUTO_INCREMENT;

--
-- AUTO_INCREMENT for table `order_items`
--
ALTER TABLE `order_items`
  MODIFY `id` bigint(20) UNSIGNED NOT NULL AUTO_INCREMENT;

--
-- AUTO_INCREMENT for table `products`
--
ALTER TABLE `products`
  MODIFY `id` bigint(20) UNSIGNED NOT NULL AUTO_INCREMENT, AUTO_INCREMENT=8;

--
-- AUTO_INCREMENT for table `slides`
--
ALTER TABLE `slides`
  MODIFY `id` bigint(20) UNSIGNED NOT NULL AUTO_INCREMENT, AUTO_INCREMENT=3;

--
-- AUTO_INCREMENT for table `transactions`
--
ALTER TABLE `transactions`
  MODIFY `id` bigint(20) UNSIGNED NOT NULL AUTO_INCREMENT;

--
-- AUTO_INCREMENT for table `users`
--
ALTER TABLE `users`
  MODIFY `id` bigint(20) UNSIGNED NOT NULL AUTO_INCREMENT, AUTO_INCREMENT=3;

--
-- Constraints for dumped tables
--

--
-- Constraints for table `addresses`
--
ALTER TABLE `addresses`
  ADD CONSTRAINT `addresses_user_id_foreign` FOREIGN KEY (`user_id`) REFERENCES `users` (`id`) ON DELETE CASCADE;

--
-- Constraints for table `orders`
--
ALTER TABLE `orders`
  ADD CONSTRAINT `orders_user_id_foreign` FOREIGN KEY (`user_id`) REFERENCES `users` (`id`) ON DELETE CASCADE;

--
-- Constraints for table `order_items`
--
ALTER TABLE `order_items`
  ADD CONSTRAINT `order_items_order_id_foreign` FOREIGN KEY (`order_id`) REFERENCES `orders` (`id`) ON DELETE CASCADE,
  ADD CONSTRAINT `order_items_product_id_foreign` FOREIGN KEY (`product_id`) REFERENCES `products` (`id`) ON DELETE CASCADE;

--
-- Constraints for table `products`
--
ALTER TABLE `products`
  ADD CONSTRAINT `products_brand_id_foreign` FOREIGN KEY (`brand_id`) REFERENCES `brands` (`id`) ON DELETE CASCADE,
  ADD CONSTRAINT `products_category_id_foreign` FOREIGN KEY (`category_id`) REFERENCES `categories` (`id`) ON DELETE CASCADE;

--
-- Constraints for table `transactions`
--
ALTER TABLE `transactions`
  ADD CONSTRAINT `transactions_order_id_foreign` FOREIGN KEY (`order_id`) REFERENCES `orders` (`id`) ON DELETE CASCADE,
  ADD CONSTRAINT `transactions_user_id_foreign` FOREIGN KEY (`user_id`) REFERENCES `users` (`id`) ON DELETE CASCADE;
COMMIT;

/*!40101 SET CHARACTER_SET_CLIENT=@OLD_CHARACTER_SET_CLIENT */;
/*!40101 SET CHARACTER_SET_RESULTS=@OLD_CHARACTER_SET_RESULTS */;
/*!40101 SET COLLATION_CONNECTION=@OLD_COLLATION_CONNECTION */;
